ID,Pred
2019_1101_1113,0.41757840740997054
2019_1101_1120,0.247077703771504
2019_1101_1124,0.5565332518741626
2019_1101_1125,0.15
2019_1101_1133,0.8339041976854369
2019_1101_1138,0.15
2019_1101_1153,0.4197862092341045
2019_1101_1159,0.42733722627778736
2019_1101_1181,0.15
2019_1101_1192,0.5275607996651513
2019_1101_1196,0.6561531389927514
2019_1101_1199,0.43843633586228786
2019_1101_1205,0.518197030829704
2019_1101_1209,0.5133700379514394
2019_1101_1211,0.15
2019_1101_1222,0.17110688775574928
2019_1101_1233,0.5152580859287097
2019_1101_1234,0.38948081989762934
2019_1101_1235,0.275705615302007
2019_1101_1242,0.46965051873726404
2019_1101_1243,0.6900076728343513
2019_1101_1246,0.1886630847911418
2019_1101_1251,0.3534106202725864
2019_1101_1257,0.4414129196855119
2019_1101_1261,0.20051372206981355
2019_1101_1266,0.3245654845236041
2019_1101_1268,0.5394678903866971
2019_1101_1276,0.36204407593216914
2019_1101_1277,0.15
2019_1101_1278,0.7112102050298579
2019_1101_1279,0.4409800434906543
2019_1101_1280,0.34002612623779904
2019_1101_1285,0.34245606244829224
2019_1101_1293,0.15
2019_1101_1295,0.7220107931257213
2019_1101_1297,0.3186750671126831
2019_1101_1300,0.8543785652670941
2019_1101_1305,0.15
2019_1101_1308,0.1693817200162806
2019_1101_1314,0.15
2019_1101_1318,0.4000351983696488
2019_1101_1326,0.7048249522936119
2019_1101_1328,0.6719152182879213
2019_1101_1330,0.7076295830795324
2019_1101_1332,0.518493860432733
2019_1101_1341,0.5667091352989752
2019_1101_1345,0.27552570037964763
2019_1101_1371,0.588389021697278
2019_1101_1385,0.47684620634237174
2019_1101_1387,0.7487413446327983
2019_1101_1388,0.3698842240300129
2019_1101_1393,0.654969268783384
2019_1101_1396,0.5230341550945957
2019_1101_1397,0.15
2019_1101_1403,0.2571780119578634
2019_1101_1414,0.380572959215093
2019_1101_1416,0.4450778837860913
2019_1101_1429,0.1490839413656887
2019_1101_1433,0.45473866144563235
2019_1101_1436,0.3920775519746063
2019_1101_1437,0.3916852286606095
2019_1101_1438,0.11825761942884105
2019_1101_1439,0.2474449568404668
2019_1101_1449,0.6140345194768444
2019_1101_1458,0.5447495324027543
2019_1101_1459,0.15
2019_1101_1463,0.25268667313268833
2019_1113_1120,0.3232623682012888
2019_1113_1124,0.6327179163039474
2019_1113_1125,0.15
2019_1113_1133,0.85
2019_1113_1138,0.15
2019_1113_1153,0.4959708736638892
2019_1113_1159,0.5035218907075721
2019_1113_1181,0.15
2019_1113_1192,0.6037454640949361
2019_1113_1196,0.7323378034225362
2019_1113_1199,0.5146210002920727
2019_1113_1205,0.5943816952594888
2019_1113_1209,0.5895547023812242
2019_1113_1211,0.15
2019_1113_1222,0.2472915521855341
2019_1113_1233,0.5914427503584945
2019_1113_1234,0.4656654843274141
2019_1113_1235,0.35189027973179177
2019_1113_1242,0.5458351831670488
2019_1113_1243,0.766192337264136
2019_1113_1246,0.26484774922092663
2019_1113_1251,0.42959528470237124
2019_1113_1257,0.5175975841152967
2019_1113_1261,0.2766983864995983
2019_1113_1266,0.4007501489533889
2019_1113_1268,0.6156525548164818
2019_1113_1276,0.438228740361954
2019_1113_1277,0.1641606118881715
2019_1113_1278,0.7873948694596427
2019_1113_1279,0.5171647079204391
2019_1113_1280,0.41621079066758393
2019_1113_1285,0.4186407268780771
2019_1113_1293,0.13577145999019613
2019_1113_1295,0.7981954575555061
2019_1113_1297,0.39485973154246784
2019_1113_1300,0.85
2019_1113_1305,0.15584805552584013
2019_1113_1308,0.24556638444606543
2019_1113_1314,0.15
2019_1113_1318,0.47621986279943357
2019_1113_1326,0.7810096167233966
2019_1113_1328,0.7480998827177061
2019_1113_1330,0.7838142475093172
2019_1113_1332,0.5946785248625178
2019_1113_1341,0.6428937997287599
2019_1113_1345,0.3517103648094324
2019_1113_1371,0.6645736861270628
2019_1113_1385,0.5530308707721565
2019_1113_1387,0.8249260090625832
2019_1113_1388,0.44606888845979775
2019_1113_1393,0.7311539332131689
2019_1113_1396,0.5992188195243805
2019_1113_1397,0.1445516328065109
2019_1113_1403,0.3333626763876481
2019_1113_1414,0.45675762364487776
2019_1113_1416,0.5212625482158761
2019_1113_1429,0.22526860579547353
2019_1113_1433,0.5309233258754171
2019_1113_1436,0.46826221640439114
2019_1113_1437,0.46786989309039423
2019_1113_1438,0.1944422838586259
2019_1113_1439,0.3236296212702515
2019_1113_1449,0.6902191839066292
2019_1113_1458,0.620934196832539
2019_1113_1459,0.11344716282562195
2019_1113_1463,0.32887133756247305
2019_1120_1124,0.8032186199424138
2019_1120_1125,0.20464036332294466
2019_1120_1133,0.85
2019_1120_1138,0.23383929444152524
2019_1120_1153,0.6664715773023557
2019_1120_1159,0.6740225943460387
2019_1120_1181,0.21623423008949383
2019_1120_1192,0.7742461677334027
2019_1120_1196,0.85
2019_1120_1199,0.6851217039305392
2019_1120_1205,0.7648823988979553
2019_1120_1209,0.7600554060196907
2019_1120_1211,0.15
2019_1120_1222,0.4177922558240007
2019_1120_1233,0.761943453996961
2019_1120_1234,0.6361661879658806
2019_1120_1235,0.5223909833702584
2019_1120_1242,0.7163358868055153
2019_1120_1243,0.85
2019_1120_1246,0.43534845285939316
2019_1120_1251,0.6000959883408378
2019_1120_1257,0.6880982877537631
2019_1120_1261,0.4471990901380649
2019_1120_1266,0.5712508525918555
2019_1120_1268,0.7861532584549483
2019_1120_1276,0.6087294440004205
2019_1120_1277,0.3346613155266381
2019_1120_1278,0.85
2019_1120_1279,0.6876654115589056
2019_1120_1280,0.5867114943060504
2019_1120_1285,0.5891414305165436
2019_1120_1293,0.30627216362866266
2019_1120_1295,0.85
2019_1120_1297,0.5653604351809344
2019_1120_1300,0.85
2019_1120_1305,0.3263487591643066
2019_1120_1308,0.41606708808453197
2019_1120_1314,0.255115679437
2019_1120_1318,0.6467205664379001
2019_1120_1326,0.85
2019_1120_1328,0.85
2019_1120_1330,0.85
2019_1120_1332,0.7651792285009844
2019_1120_1341,0.8133945033672264
2019_1120_1345,0.522211068447899
2019_1120_1371,0.8350743897655293
2019_1120_1385,0.723531574410623
2019_1120_1387,0.85
2019_1120_1388,0.6165695920982642
2019_1120_1393,0.85
2019_1120_1396,0.769719523162847
2019_1120_1397,0.31505233644497743
2019_1120_1403,0.5038633800261146
2019_1120_1414,0.6272583272833443
2019_1120_1416,0.6917632518543426
2019_1120_1429,0.39576930943394006
2019_1120_1433,0.7014240295138837
2019_1120_1436,0.6387629200428576
2019_1120_1437,0.6383705967288608
2019_1120_1438,0.3649429874970924
2019_1120_1439,0.4941303249087181
2019_1120_1449,0.8607198875450957
2019_1120_1458,0.7914349004710055
2019_1120_1459,0.2839478664640885
2019_1120_1463,0.4993720412009396
2019_1124_1125,0.15
2019_1124_1133,0.7711340176510297
2019_1124_1138,0.15
2019_1124_1153,0.3570160291996972
2019_1124_1159,0.3645670462433802
2019_1124_1181,0.15
2019_1124_1192,0.4647906196307442
2019_1124_1196,0.5933829589583441
2019_1124_1199,0.37566615582788065
2019_1124_1205,0.4554268507952968
2019_1124_1209,0.4505998579170322
2019_1124_1211,0.15
2019_1124_1222,0.10833670772134224
2019_1124_1233,0.4524879058943025
2019_1124_1234,0.32671063986322213
2019_1124_1235,0.2129354352675999
2019_1124_1242,0.40688033870285684
2019_1124_1243,0.6272374927999441
2019_1124_1246,0.1258929047567347
2019_1124_1251,0.29064044023817925
2019_1124_1257,0.3786427396511047
2019_1124_1261,0.1377435420354064
2019_1124_1266,0.26179530448919686
2019_1124_1268,0.47669771035228986
2019_1124_1276,0.299273895897762
2019_1124_1277,0.15
2019_1124_1278,0.6484400249954507
2019_1124_1279,0.3782098634562471
2019_1124_1280,0.2772559462033919
2019_1124_1285,0.2796858824138851
2019_1124_1293,0.15
2019_1124_1295,0.6592406130913141
2019_1124_1297,0.2559048870782759
2019_1124_1300,0.791608385232687
2019_1124_1305,0.15
2019_1124_1308,0.1066115399818734
2019_1124_1314,0.15
2019_1124_1318,0.3372650183352416
2019_1124_1326,0.6420547722592047
2019_1124_1328,0.6091450382535141
2019_1124_1330,0.6448594030451251
2019_1124_1332,0.4557236803983259
2019_1124_1341,0.5039389552645679
2019_1124_1345,0.21275552034524042
2019_1124_1371,0.5256188416628708
2019_1124_1385,0.4140760263079646
2019_1124_1387,0.6859711645983911
2019_1124_1388,0.30711404399560577
2019_1124_1393,0.5921990887489769
2019_1124_1396,0.46026397506018846
2019_1124_1397,0.15
2019_1124_1403,0.19440783192345612
2019_1124_1414,0.3178027791806858
2019_1124_1416,0.38230770375168416
2019_1124_1429,0.15
2019_1124_1433,0.3919684814112252
2019_1124_1436,0.3293073719401991
2019_1124_1437,0.3289150486262023
2019_1124_1438,0.15
2019_1124_1439,0.1846747768060596
2019_1124_1449,0.5512643394424372
2019_1124_1458,0.481979352368347
2019_1124_1459,0.15
2019_1124_1463,0.18991649309828107
2019_1125_1133,0.85
2019_1125_1138,0.5229620029583358
2019_1125_1153,0.85
2019_1125_1159,0.85
2019_1125_1181,0.5053569386063045
2019_1125_1192,0.85
2019_1125_1196,0.85
2019_1125_1199,0.85
2019_1125_1205,0.85
2019_1125_1209,0.85
2019_1125_1211,0.15
2019_1125_1222,0.7069149643408114
2019_1125_1233,0.85
2019_1125_1234,0.85
2019_1125_1235,0.811513691887069
2019_1125_1242,0.85
2019_1125_1243,0.85
2019_1125_1246,0.7244711613762038
2019_1125_1251,0.8892186968576484
2019_1125_1257,0.85
2019_1125_1261,0.7363217986548756
2019_1125_1266,0.8603735611086661
2019_1125_1268,0.85
2019_1125_1276,0.8978521525172312
2019_1125_1277,0.6237840240434488
2019_1125_1278,0.85
2019_1125_1279,0.85
2019_1125_1280,0.8758342028228612
2019_1125_1285,0.8782641390333542
2019_1125_1293,0.5953948721454734
2019_1125_1295,0.85
2019_1125_1297,0.8544831436977451
2019_1125_1300,0.85
2019_1125_1305,0.6154714676811173
2019_1125_1308,0.7051897966013426
2019_1125_1314,0.5442383879538106
2019_1125_1318,0.85
2019_1125_1326,0.85
2019_1125_1328,0.85
2019_1125_1330,0.85
2019_1125_1332,0.85
2019_1125_1341,0.85
2019_1125_1345,0.8113337769647098
2019_1125_1371,0.85
2019_1125_1385,0.85
2019_1125_1387,0.85
2019_1125_1388,0.85
2019_1125_1393,0.85
2019_1125_1396,0.85
2019_1125_1397,0.6041750449617881
2019_1125_1403,0.7929860885429254
2019_1125_1414,0.85
2019_1125_1416,0.85
2019_1125_1429,0.6848920179507507
2019_1125_1433,0.85
2019_1125_1436,0.85
2019_1125_1437,0.85
2019_1125_1438,0.6540656960139031
2019_1125_1439,0.7832530334255288
2019_1125_1449,0.85
2019_1125_1458,0.85
2019_1125_1459,0.5730705749808992
2019_1125_1463,0.7884947497177504
2019_1133_1138,0.15
2019_1133_1153,0.15
2019_1133_1159,0.15
2019_1133_1181,0.15
2019_1133_1192,0.18741967381946978
2019_1133_1196,0.31601201314706984
2019_1133_1199,0.15
2019_1133_1205,0.17805590498402235
2019_1133_1209,0.1732289121057578
2019_1133_1211,0.15
2019_1133_1222,0.15
2019_1133_1233,0.17511696008302802
2019_1133_1234,0.15
2019_1133_1235,0.15
2019_1133_1242,0.12950939289158236
2019_1133_1243,0.3498665469886697
2019_1133_1246,0.15
2019_1133_1251,0.15
2019_1133_1257,0.10127179383983032
2019_1133_1261,0.15
2019_1133_1266,0.15
2019_1133_1268,0.1993267645410154
2019_1133_1276,0.15
2019_1133_1277,0.15
2019_1133_1278,0.37106907918417625
2019_1133_1279,0.10083891764497266
2019_1133_1280,0.15
2019_1133_1285,0.15
2019_1133_1293,0.15
2019_1133_1295,0.3818696672800397
2019_1133_1297,0.15
2019_1133_1300,0.5142374394214124
2019_1133_1305,0.15
2019_1133_1308,0.15
2019_1133_1314,0.15
2019_1133_1318,0.15
2019_1133_1326,0.3646838264479303
2019_1133_1328,0.3317740924422397
2019_1133_1330,0.3674884572338508
2019_1133_1332,0.17835273458705148
2019_1133_1341,0.22656800945329353
2019_1133_1345,0.15
2019_1133_1371,0.2482478958515964
2019_1133_1385,0.13670508049669022
2019_1133_1387,0.4086002187871167
2019_1133_1388,0.15
2019_1133_1393,0.31482814293770245
2019_1133_1396,0.18289302924891404
2019_1133_1397,0.15
2019_1133_1403,0.15
2019_1133_1414,0.15
2019_1133_1416,0.10493675794040974
2019_1133_1429,0.15
2019_1133_1433,0.11459753559995073
2019_1133_1436,0.15
2019_1133_1437,0.15
2019_1133_1438,0.15
2019_1133_1439,0.15
2019_1133_1449,0.27389339363116283
2019_1133_1458,0.20460840655707263
2019_1133_1459,0.15
2019_1133_1463,0.15
2019_1138_1153,0.85
2019_1138_1159,0.85
2019_1138_1181,0.476158007487724
2019_1138_1192,0.85
2019_1138_1196,0.85
2019_1138_1199,0.85
2019_1138_1205,0.85
2019_1138_1209,0.85
2019_1138_1211,0.15
2019_1138_1222,0.6777160332222308
2019_1138_1233,0.85
2019_1138_1234,0.8960899653641109
2019_1138_1235,0.7823147607684884
2019_1138_1242,0.85
2019_1138_1243,0.85
2019_1138_1246,0.6952722302576233
2019_1138_1251,0.8600197657390679
2019_1138_1257,0.85
2019_1138_1261,0.707122867536295
2019_1138_1266,0.8311746299900856
2019_1138_1268,0.85
2019_1138_1276,0.8686532213986506
2019_1138_1277,0.5945850929248683
2019_1138_1278,0.85
2019_1138_1279,0.85
2019_1138_1280,0.8466352717042805
2019_1138_1285,0.8490652079147738
2019_1138_1293,0.5661959410268929
2019_1138_1295,0.85
2019_1138_1297,0.8252842125791646
2019_1138_1300,0.85
2019_1138_1305,0.5862725365625368
2019_1138_1308,0.6759908654827621
2019_1138_1314,0.5150394568352301
2019_1138_1318,0.85
2019_1138_1326,0.85
2019_1138_1328,0.85
2019_1138_1330,0.85
2019_1138_1332,0.85
2019_1138_1341,0.85
2019_1138_1345,0.7821348458461291
2019_1138_1371,0.85
2019_1138_1385,0.85
2019_1138_1387,0.85
2019_1138_1388,0.8764933694964945
2019_1138_1393,0.85
2019_1138_1396,0.85
2019_1138_1397,0.5749761138432076
2019_1138_1403,0.7637871574243449
2019_1138_1414,0.8871821046815744
2019_1138_1416,0.85
2019_1138_1429,0.6556930868321702
2019_1138_1433,0.85
2019_1138_1436,0.8986866974410876
2019_1138_1437,0.898294374127091
2019_1138_1438,0.6248667648953226
2019_1138_1439,0.7540541023069482
2019_1138_1449,0.85
2019_1138_1458,0.85
2019_1138_1459,0.5438716438623187
2019_1138_1463,0.7592958185991697
2019_1153_1159,0.5013140888834383
2019_1153_1181,0.15
2019_1153_1192,0.6015376622708023
2019_1153_1196,0.7301300015984022
2019_1153_1199,0.5124131984679388
2019_1153_1205,0.5921738934353549
2019_1153_1209,0.5873469005570903
2019_1153_1211,0.15
2019_1153_1222,0.2450837503614003
2019_1153_1233,0.5892349485343605
2019_1153_1234,0.46345768250328023
2019_1153_1235,0.34968247790765794
2019_1153_1242,0.5436273813429149
2019_1153_1243,0.7639845354400022
2019_1153_1246,0.26263994739679275
2019_1153_1251,0.42738748287823736
2019_1153_1257,0.5153897822911628
2019_1153_1261,0.2744905846754645
2019_1153_1266,0.39854234712925507
2019_1153_1268,0.6134447529923479
2019_1153_1276,0.4360209385378201
2019_1153_1277,0.16195281006403767
2019_1153_1278,0.7851870676355088
2019_1153_1279,0.5149569060963052
2019_1153_1280,0.41400298884345
2019_1153_1285,0.4164329250539432
2019_1153_1293,0.13356365816606225
2019_1153_1295,0.7959876557313721
2019_1153_1297,0.392651929718334
2019_1153_1300,0.85
2019_1153_1305,0.1536402537017062
2019_1153_1308,0.24335858262193155
2019_1153_1314,0.15
2019_1153_1318,0.4740120609752997
2019_1153_1326,0.7788018148992628
2019_1153_1328,0.7458920808935722
2019_1153_1330,0.7816064456851832
2019_1153_1332,0.592470723038384
2019_1153_1341,0.640685997904626
2019_1153_1345,0.3495025629852986
2019_1153_1371,0.6623658843029289
2019_1153_1385,0.5508230689480227
2019_1153_1387,0.8227182072384494
2019_1153_1388,0.44386108663566387
2019_1153_1393,0.728946131389035
2019_1153_1396,0.5970110177002466
2019_1153_1397,0.14234383098237702
2019_1153_1403,0.3311548745635142
2019_1153_1414,0.4545498218207439
2019_1153_1416,0.5190547463917422
2019_1153_1429,0.22306080397133965
2019_1153_1433,0.5287155240512833
2019_1153_1436,0.46605441458025726
2019_1153_1437,0.4656620912662604
2019_1153_1438,0.192234482034492
2019_1153_1439,0.3214218194461177
2019_1153_1449,0.6880113820824953
2019_1153_1458,0.6187263950084051
2019_1153_1459,0.11123936100148807
2019_1153_1463,0.3266635357383392
2019_1159_1181,0.15
2019_1159_1192,0.5939866452271193
2019_1159_1196,0.7225789845547194
2019_1159_1199,0.5048621814242558
2019_1159_1205,0.584622876391672
2019_1159_1209,0.5797958835134074
2019_1159_1211,0.15
2019_1159_1222,0.2375327333177173
2019_1159_1233,0.5816839314906777
2019_1159_1234,0.4559066654595973
2019_1159_1235,0.34213146086397495
2019_1159_1242,0.536076364299232
2019_1159_1243,0.7564335183963193
2019_1159_1246,0.25508893035310987
2019_1159_1251,0.41983646583455436
2019_1159_1257,0.5078387652474798
2019_1159_1261,0.2669395676317815
2019_1159_1266,0.3909913300855721
2019_1159_1268,0.605893735948665
2019_1159_1276,0.42846992149413715
2019_1159_1277,0.15440179302035473
2019_1159_1278,0.7776360505918258
2019_1159_1279,0.5074058890526223
2019_1159_1280,0.40645197179976705
2019_1159_1285,0.40888190801026025
2019_1159_1293,0.12601264112237925
2019_1159_1295,0.7884366386876892
2019_1159_1297,0.3851009126746511
2019_1159_1300,0.85
2019_1159_1305,0.14608923665802326
2019_1159_1308,0.23580756557824856
2019_1159_1314,0.15
2019_1159_1318,0.46646104393161675
2019_1159_1326,0.7712507978555798
2019_1159_1328,0.7383410638498893
2019_1159_1330,0.7740554286415003
2019_1159_1332,0.584919705994701
2019_1159_1341,0.6331349808609431
2019_1159_1345,0.3419515459416156
2019_1159_1371,0.654814867259246
2019_1159_1385,0.5432720519043397
2019_1159_1387,0.8151671901947664
2019_1159_1388,0.4363100695919809
2019_1159_1393,0.7213951143453521
2019_1159_1396,0.5894600006565636
2019_1159_1397,0.13479281393869408
2019_1159_1403,0.3236038575198313
2019_1159_1414,0.44699880477706094
2019_1159_1416,0.5115037293480593
2019_1159_1429,0.2155097869276567
2019_1159_1433,0.5211645070076003
2019_1159_1436,0.45850339753657426
2019_1159_1437,0.45811107422257746
2019_1159_1438,0.18468346499080907
2019_1159_1439,0.3138708024024347
2019_1159_1449,0.6804603650388124
2019_1159_1458,0.6111753779647222
2019_1159_1459,0.10368834395780518
2019_1159_1463,0.31911251869465623
2019_1181_1192,0.85
2019_1181_1196,0.85
2019_1181_1199,0.85
2019_1181_1205,0.85
2019_1181_1209,0.85
2019_1181_1211,0.15
2019_1181_1222,0.6953210975742622
2019_1181_1233,0.85
2019_1181_1234,0.85
2019_1181_1235,0.7999198251205197
2019_1181_1242,0.85
2019_1181_1243,0.85
2019_1181_1246,0.7128772946096547
2019_1181_1251,0.8776248300910992
2019_1181_1257,0.85
2019_1181_1261,0.7247279318883264
2019_1181_1266,0.8487796943421169
2019_1181_1268,0.85
2019_1181_1276,0.886258285750682
2019_1181_1277,0.6121901572768996
2019_1181_1278,0.85
2019_1181_1279,0.85
2019_1181_1280,0.864240336056312
2019_1181_1285,0.8666702722668052
2019_1181_1293,0.5838010053789242
2019_1181_1295,0.85
2019_1181_1297,0.842889276931196
2019_1181_1300,0.85
2019_1181_1305,0.6038776009145681
2019_1181_1308,0.6935959298347935
2019_1181_1314,0.5326445211872615
2019_1181_1318,0.85
2019_1181_1326,0.85
2019_1181_1328,0.85
2019_1181_1330,0.85
2019_1181_1332,0.85
2019_1181_1341,0.85
2019_1181_1345,0.7997399101981605
2019_1181_1371,0.85
2019_1181_1385,0.85
2019_1181_1387,0.85
2019_1181_1388,0.8940984338485258
2019_1181_1393,0.85
2019_1181_1396,0.85
2019_1181_1397,0.592581178195239
2019_1181_1403,0.7813922217763761
2019_1181_1414,0.85
2019_1181_1416,0.85
2019_1181_1429,0.6732981511842016
2019_1181_1433,0.85
2019_1181_1436,0.85
2019_1181_1437,0.85
2019_1181_1438,0.6424718292473539
2019_1181_1439,0.7716591666589796
2019_1181_1449,0.85
2019_1181_1458,0.85
2019_1181_1459,0.56147670821435
2019_1181_1463,0.7769008829512012
2019_1192_1196,0.6223554111673554
2019_1192_1199,0.40463860803689183
2019_1192_1205,0.484399303004308
2019_1192_1209,0.47957231012604334
2019_1192_1211,0.15
2019_1192_1222,0.1373091599303533
2019_1192_1233,0.4814603581033136
2019_1192_1234,0.35568309207223325
2019_1192_1235,0.24190788747661096
2019_1192_1242,0.435852790911868
2019_1192_1243,0.6562099450089554
2019_1192_1246,0.15486535696574583
2019_1192_1251,0.3196128924471904
2019_1192_1257,0.40761519186011586
2019_1192_1261,0.16671599424441758
2019_1192_1266,0.2907677566982081
2019_1192_1268,0.505670162561301
2019_1192_1276,0.3282463481067731
2019_1192_1277,0.15
2019_1192_1278,0.6774124772044618
2019_1192_1279,0.4071823156652583
2019_1192_1280,0.30622839841240307
2019_1192_1285,0.3086583346228962
2019_1192_1293,0.15
2019_1192_1295,0.6882130653003253
2019_1192_1297,0.2848773392872871
2019_1192_1300,0.8205808374416981
2019_1192_1305,0.15
2019_1192_1308,0.13558399219088463
2019_1192_1314,0.15
2019_1192_1318,0.3662374705442528
2019_1192_1326,0.6710272244682158
2019_1192_1328,0.6381174904625253
2019_1192_1330,0.6738318552541364
2019_1192_1332,0.48469613260733707
2019_1192_1341,0.5329114074735791
2019_1192_1345,0.24172797255425166
2019_1192_1371,0.554591293871882
2019_1192_1385,0.4430484785169757
2019_1192_1387,0.7149436168074024
2019_1192_1388,0.3360864962046169
2019_1192_1393,0.6211715409579881
2019_1192_1396,0.48923642726919964
2019_1192_1397,0.15
2019_1192_1403,0.22338028413246735
2019_1192_1414,0.3467752313896969
2019_1192_1416,0.4112801559606953
2019_1192_1429,0.11528621354029267
2019_1192_1433,0.4209409336202364
2019_1192_1436,0.3582798241492103
2019_1192_1437,0.3578875008352135
2019_1192_1438,0.15
2019_1192_1439,0.21364722901507077
2019_1192_1449,0.5802367916514484
2019_1192_1458,0.5109518045773582
2019_1192_1459,0.15
2019_1192_1463,0.2188889453072922
2019_1196_1199,0.27604626870929183
2019_1196_1205,0.35580696367670794
2019_1196_1209,0.35097997079844334
2019_1196_1211,0.15
2019_1196_1222,0.15
2019_1196_1233,0.3528680187757136
2019_1196_1234,0.2270907527446333
2019_1196_1235,0.11331554814901101
2019_1196_1242,0.30726045158426796
2019_1196_1243,0.5276176056813553
2019_1196_1246,0.15
2019_1196_1251,0.19102055311959043
2019_1196_1257,0.27902285253251585
2019_1196_1261,0.15
2019_1196_1266,0.1621754173706081
2019_1196_1268,0.377077823233701
2019_1196_1276,0.19965400877917316
2019_1196_1277,0.15
2019_1196_1278,0.5488201378768618
2019_1196_1279,0.27858997633765825
2019_1196_1280,0.177636059084803
2019_1196_1285,0.1800659952952962
2019_1196_1293,0.15
2019_1196_1295,0.5596207259727252
2019_1196_1297,0.15628499995968703
2019_1196_1300,0.691988498114098
2019_1196_1305,0.15
2019_1196_1308,0.15
2019_1196_1314,0.15
2019_1196_1318,0.23764513121665276
2019_1196_1326,0.5424348851406159
2019_1196_1328,0.5095251511349252
2019_1196_1330,0.5452395159265363
2019_1196_1332,0.356103793279737
2019_1196_1341,0.40431906814597907
2019_1196_1345,0.1131356332266516
2019_1196_1371,0.42599895454428194
2019_1196_1385,0.3144561391893757
2019_1196_1387,0.5863512774798023
2019_1196_1388,0.2074941568770169
2019_1196_1393,0.49257920163038804
2019_1196_1396,0.36064408794159963
2019_1196_1397,0.15
2019_1196_1403,0.15
2019_1196_1414,0.2181828920620969
2019_1196_1416,0.28268781663309533
2019_1196_1429,0.15
2019_1196_1433,0.29234859429263627
2019_1196_1436,0.22968748482161022
2019_1196_1437,0.22929516150761342
2019_1196_1438,0.15
2019_1196_1439,0.15
2019_1196_1449,0.45164445232384837
2019_1196_1458,0.38235946524975817
2019_1196_1459,0.15
2019_1196_1463,0.15
2019_1199_1205,0.5735237668071715
2019_1199_1209,0.5686967739289068
2019_1199_1211,0.15
2019_1199_1222,0.2264336237332169
2019_1199_1233,0.5705848219061771
2019_1199_1234,0.4448075558750968
2019_1199_1235,0.3310323512794745
2019_1199_1242,0.5249772547147316
2019_1199_1243,0.7453344088118188
2019_1199_1246,0.24398982076860937
2019_1199_1251,0.4087373562500539
2019_1199_1257,0.4967396556629794
2019_1199_1261,0.25584045804728106
2019_1199_1266,0.37989222050107163
2019_1199_1268,0.5947946263641646
2019_1199_1276,0.41737081190963665
2019_1199_1277,0.14330268343585423
2019_1199_1278,0.7665369410073254
2019_1199_1279,0.4963067794681218
2019_1199_1280,0.3953528622152666
2019_1199_1285,0.39778279842575975
2019_1199_1293,0.11491353153787881
2019_1199_1295,0.7773375291031888
2019_1199_1297,0.3740018030901506
2019_1199_1300,0.85
2019_1199_1305,0.13499012707352281
2019_1199_1308,0.22470845599374817
2019_1199_1314,0.15
2019_1199_1318,0.4553619343471163
2019_1199_1326,0.7601516882710794
2019_1199_1328,0.7272419542653888
2019_1199_1330,0.7629563190569999
2019_1199_1332,0.5738205964102006
2019_1199_1341,0.6220358712764427
2019_1199_1345,0.33085243635711514
2019_1199_1371,0.6437157576747454
2019_1199_1385,0.5321729423198392
2019_1199_1387,0.8040680806102658
2019_1199_1388,0.42521096000748043
2019_1199_1393,0.7102960047608515
2019_1199_1396,0.5783608910720632
2019_1199_1397,0.12369370435419363
2019_1199_1403,0.3125047479353309
2019_1199_1414,0.43589969519256044
2019_1199_1416,0.5004046197635589
2019_1199_1429,0.20441067734315627
2019_1199_1433,0.5100653974230999
2019_1199_1436,0.4474042879520738
2019_1199_1437,0.44701196463807696
2019_1199_1438,0.17358435540630862
2019_1199_1439,0.30277169281793426
2019_1199_1449,0.6693612554543119
2019_1199_1458,0.6000762683802217
2019_1199_1459,0.15
2019_1199_1463,0.30801340911015573
2019_1205_1209,0.4889360789614907
2019_1205_1211,0.15
2019_1205_1222,0.14667292876580068
2019_1205_1233,0.490824126938761
2019_1205_1234,0.3650468609076806
2019_1205_1235,0.25127165631205833
2019_1205_1242,0.44521655974731533
2019_1205_1243,0.6655737138444027
2019_1205_1246,0.16422912580119314
2019_1205_1251,0.3289766612826378
2019_1205_1257,0.4169789606955632
2019_1205_1261,0.1760797630798649
2019_1205_1266,0.30013152553365546
2019_1205_1268,0.5150339313967484
2019_1205_1276,0.33761011694222054
2019_1205_1277,0.15
2019_1205_1278,0.6867762460399092
2019_1205_1279,0.4165460845007056
2019_1205_1280,0.31559216724785044
2019_1205_1285,0.3180221034583436
2019_1205_1293,0.15
2019_1205_1295,0.6975768341357726
2019_1205_1297,0.2942411081227344
2019_1205_1300,0.8299446062771454
2019_1205_1305,0.15
2019_1205_1308,0.1449477610263319
2019_1205_1314,0.15
2019_1205_1318,0.37560123937970014
2019_1205_1326,0.6803909933036633
2019_1205_1328,0.6474812592979726
2019_1205_1330,0.6831956240895837
2019_1205_1332,0.4940599014427844
2019_1205_1341,0.5422751763090264
2019_1205_1345,0.25109174138969903
2019_1205_1371,0.5639550627073293
2019_1205_1385,0.4524122473524231
2019_1205_1387,0.7243073856428497
2019_1205_1388,0.34545026504006426
2019_1205_1393,0.6305353097934354
2019_1205_1396,0.498600196104647
2019_1205_1397,0.15
2019_1205_1403,0.23274405296791467
2019_1205_1414,0.3561390002251443
2019_1205_1416,0.42064392479614265
2019_1205_1429,0.1246499823757401
2019_1205_1433,0.43030470245568375
2019_1205_1436,0.36764359298465765
2019_1205_1437,0.3672512696706608
2019_1205_1438,0.15
2019_1205_1439,0.2230109978505181
2019_1205_1449,0.5896005604868958
2019_1205_1458,0.5203155734128055
2019_1205_1459,0.15
2019_1205_1463,0.22825271414273962
2019_1209_1211,0.15
2019_1209_1222,0.15149992164406534
2019_1209_1233,0.49565111981702564
2019_1209_1234,0.3698738537859453
2019_1209_1235,0.25609864919032294
2019_1209_1242,0.45004355262558
2019_1209_1243,0.6704007067226673
2019_1209_1246,0.16905611867945786
2019_1209_1251,0.3338036541609024
2019_1209_1257,0.4218059535738279
2019_1209_1261,0.1809067559581295
2019_1209_1266,0.30495851841192007
2019_1209_1268,0.519860924275013
2019_1209_1276,0.34243710982048514
2019_1209_1277,0.15
2019_1209_1278,0.6916032389181739
2019_1209_1279,0.42137307737897023
2019_1209_1280,0.32041916012611504
2019_1209_1285,0.32284909633660824
2019_1209_1293,0.15
2019_1209_1295,0.7024038270140373
2019_1209_1297,0.29906810100099906
2019_1209_1300,0.8347715991554099
2019_1209_1305,0.15
2019_1209_1308,0.14977475390459655
2019_1209_1314,0.15
2019_1209_1318,0.3804282322579648
2019_1209_1326,0.6852179861819279
2019_1209_1328,0.6523082521762373
2019_1209_1330,0.6880226169678484
2019_1209_1332,0.49888689432104905
2019_1209_1341,0.547102169187291
2019_1209_1345,0.25591873426796363
2019_1209_1371,0.5687820555855939
2019_1209_1385,0.45723924023068774
2019_1209_1387,0.7291343785211143
2019_1209_1388,0.35027725791832887
2019_1209_1393,0.6353623026717
2019_1209_1396,0.5034271889829116
2019_1209_1397,0.15
2019_1209_1403,0.23757104584617933
2019_1209_1414,0.36096599310340893
2019_1209_1416,0.42547091767440726
2019_1209_1429,0.1294769752540047
2019_1209_1433,0.43513169533394835
2019_1209_1436,0.37247058586292225
2019_1209_1437,0.3720782625489254
2019_1209_1438,0.15
2019_1209_1439,0.22783799072878275
2019_1209_1449,0.5944275533651604
2019_1209_1458,0.5251425662910701
2019_1209_1459,0.15
2019_1209_1463,0.23307970702100422
2019_1211_1222,0.85
2019_1211_1233,0.85
2019_1211_1234,0.85
2019_1211_1235,0.85
2019_1211_1242,0.85
2019_1211_1243,0.85
2019_1211_1246,0.85
2019_1211_1251,0.85
2019_1211_1257,0.85
2019_1211_1261,0.85
2019_1211_1266,0.85
2019_1211_1268,0.85
2019_1211_1276,0.85
2019_1211_1277,0.85
2019_1211_1278,0.85
2019_1211_1279,0.85
2019_1211_1280,0.85
2019_1211_1285,0.85
2019_1211_1293,0.85
2019_1211_1295,0.85
2019_1211_1297,0.85
2019_1211_1300,0.85
2019_1211_1305,0.85
2019_1211_1308,0.85
2019_1211_1314,0.85
2019_1211_1318,0.85
2019_1211_1326,0.85
2019_1211_1328,0.85
2019_1211_1330,0.85
2019_1211_1332,0.85
2019_1211_1341,0.85
2019_1211_1345,0.85
2019_1211_1371,0.85
2019_1211_1385,0.85
2019_1211_1387,0.85
2019_1211_1388,0.85
2019_1211_1393,0.85
2019_1211_1396,0.85
2019_1211_1397,0.85
2019_1211_1403,0.85
2019_1211_1414,0.85
2019_1211_1416,0.85
2019_1211_1429,0.85
2019_1211_1433,0.85
2019_1211_1436,0.85
2019_1211_1437,0.85
2019_1211_1438,0.85
2019_1211_1439,0.85
2019_1211_1449,0.85
2019_1211_1458,0.85
2019_1211_1459,0.85
2019_1211_1463,0.85
2019_1222_1233,0.8379142700127156
2019_1222_1234,0.7121370039816353
2019_1222_1235,0.598361799386013
2019_1222_1242,0.79230670282127
2019_1222_1243,0.85
2019_1222_1246,0.5113192688751479
2019_1222_1251,0.6760668043565924
2019_1222_1257,0.7640691037695179
2019_1222_1261,0.5231699061538195
2019_1222_1266,0.6472216686076101
2019_1222_1268,0.862124074470703
2019_1222_1276,0.6847002600161751
2019_1222_1277,0.41063213154239275
2019_1222_1278,0.85
2019_1222_1279,0.7636362275746603
2019_1222_1280,0.6626823103218051
2019_1222_1285,0.6651122465322983
2019_1222_1293,0.38224297964441734
2019_1222_1295,0.85
2019_1222_1297,0.6413312511966891
2019_1222_1300,0.85
2019_1222_1305,0.4023195751800613
2019_1222_1308,0.4920379041002866
2019_1222_1314,0.3310864954527546
2019_1222_1318,0.7226913824536547
2019_1222_1326,0.85
2019_1222_1328,0.85
2019_1222_1330,0.85
2019_1222_1332,0.841150044516739
2019_1222_1341,0.8893653193829811
2019_1222_1345,0.5981818844636537
2019_1222_1371,0.85
2019_1222_1385,0.7995023904263777
2019_1222_1387,0.85
2019_1222_1388,0.692540408114019
2019_1222_1393,0.85
2019_1222_1396,0.8456903391786017
2019_1222_1397,0.3910231524607321
2019_1222_1403,0.5798341960418694
2019_1222_1414,0.7032291432990989
2019_1222_1416,0.7677340678700972
2019_1222_1429,0.47174012544969474
2019_1222_1433,0.7773948455296383
2019_1222_1436,0.7147337360586123
2019_1222_1437,0.7143414127446155
2019_1222_1438,0.4409138035128471
2019_1222_1439,0.5701011409244727
2019_1222_1449,0.85
2019_1222_1458,0.8674057164867601
2019_1222_1459,0.35991868247984315
2019_1222_1463,0.5753428572166943
2019_1233_1234,0.367985805808675
2019_1233_1235,0.2542106012130527
2019_1233_1242,0.44815550464830967
2019_1233_1243,0.668512658745397
2019_1233_1246,0.1671680707021876
2019_1233_1251,0.33191560618363214
2019_1233_1257,0.41991790559655756
2019_1233_1261,0.17901870798085928
2019_1233_1266,0.3030704704346498
2019_1233_1268,0.5179728762977427
2019_1233_1276,0.3405490618432149
2019_1233_1277,0.15
2019_1233_1278,0.6897151909409035
2019_1233_1279,0.41948502940169996
2019_1233_1280,0.3185311121488448
2019_1233_1285,0.3209610483593379
2019_1233_1293,0.15
2019_1233_1295,0.700515779036767
2019_1233_1297,0.2971800530237288
2019_1233_1300,0.8328835511781396
2019_1233_1305,0.15
2019_1233_1308,0.14788670592732633
2019_1233_1314,0.15
2019_1233_1318,0.3785401842806945
2019_1233_1326,0.6833299382046576
2019_1233_1328,0.650420204198967
2019_1233_1330,0.6861345689905781
2019_1233_1332,0.4969988463437787
2019_1233_1341,0.5452141212100208
2019_1233_1345,0.25403068629069336
2019_1233_1371,0.5668940076083236
2019_1233_1385,0.4553511922534174
2019_1233_1387,0.727246330543844
2019_1233_1388,0.3483892099410586
2019_1233_1393,0.6334742546944298
2019_1233_1396,0.5015391410056413
2019_1233_1397,0.15
2019_1233_1403,0.23568299786890906
2019_1233_1414,0.35907794512613866
2019_1233_1416,0.42358286969713704
2019_1233_1429,0.12758892727673438
2019_1233_1433,0.4332436473566781
2019_1233_1436,0.370582537885652
2019_1233_1437,0.37019021457165513
2019_1233_1438,0.15
2019_1233_1439,0.22594994275151248
2019_1233_1449,0.5925395053878901
2019_1233_1458,0.5232545183137999
2019_1233_1459,0.15
2019_1233_1463,0.2311916590437339
2019_1234_1235,0.379987867244133
2019_1234_1242,0.5739327706793901
2019_1234_1243,0.7942899247764774
2019_1234_1246,0.29294533673326784
2019_1234_1251,0.45769287221471244
2019_1234_1257,0.5456951716276379
2019_1234_1261,0.3047959740119396
2019_1234_1266,0.42884773646573016
2019_1234_1268,0.643750142328823
2019_1234_1276,0.4663263278742952
2019_1234_1277,0.19225819940051275
2019_1234_1278,0.8154924569719839
2019_1234_1279,0.5452622954327803
2019_1234_1280,0.44430837817992513
2019_1234_1285,0.4467383143904183
2019_1234_1293,0.16386904750253733
2019_1234_1295,0.8262930450678473
2019_1234_1297,0.4229573190548091
2019_1234_1300,0.85
2019_1234_1305,0.18394564303818134
2019_1234_1308,0.27366397195840664
2019_1234_1314,0.11271256331087465
2019_1234_1318,0.5043174503117748
2019_1234_1326,0.8091072042357379
2019_1234_1328,0.7761974702300474
2019_1234_1330,0.8119118350216583
2019_1234_1332,0.6227761123748591
2019_1234_1341,0.6709913872411011
2019_1234_1345,0.37980795232177367
2019_1234_1371,0.6926712736394041
2019_1234_1385,0.5811284582844978
2019_1234_1387,0.8530235965749243
2019_1234_1388,0.47416647597213896
2019_1234_1393,0.75925152072551
2019_1234_1396,0.6273164070367216
2019_1234_1397,0.17264922031885216
2019_1234_1403,0.3614602638999894
2019_1234_1414,0.48485521115721897
2019_1234_1416,0.5493601357282173
2019_1234_1429,0.25336619330781474
2019_1234_1433,0.5590209133877584
2019_1234_1436,0.49635980391673235
2019_1234_1437,0.4959674806027355
2019_1234_1438,0.2225398713709671
2019_1234_1439,0.3517272087825928
2019_1234_1449,0.7183167714189704
2019_1234_1458,0.6490317843448802
2019_1234_1459,0.1415447503379632
2019_1234_1463,0.3569689250748143
2019_1235_1242,0.6877079752750124
2019_1235_1243,0.85
2019_1235_1246,0.4067205413288902
2019_1235_1251,0.5714680768103347
2019_1235_1257,0.6594703762232602
2019_1235_1261,0.4185711786075619
2019_1235_1266,0.5426229410613524
2019_1235_1268,0.7575253469244454
2019_1235_1276,0.5801015324699175
2019_1235_1277,0.3060334039961351
2019_1235_1278,0.85
2019_1235_1279,0.6590375000284026
2019_1235_1280,0.5580835827755475
2019_1235_1285,0.5605135189860406
2019_1235_1293,0.2776442520981597
2019_1235_1295,0.85
2019_1235_1297,0.5367325236504314
2019_1235_1300,0.85
2019_1235_1305,0.29772084763380363
2019_1235_1308,0.387439176554029
2019_1235_1314,0.226487767906497
2019_1235_1318,0.6180926549073972
2019_1235_1326,0.85
2019_1235_1328,0.8899726748256697
2019_1235_1330,0.85
2019_1235_1332,0.7365513169704814
2019_1235_1341,0.7847665918367235
2019_1235_1345,0.493583156917396
2019_1235_1371,0.8064464782350262
2019_1235_1385,0.6949036628801201
2019_1235_1387,0.85
2019_1235_1388,0.5879416805677613
2019_1235_1393,0.8730267253211323
2019_1235_1396,0.741091611632344
2019_1235_1397,0.2864244249144745
2019_1235_1403,0.4752354684956117
2019_1235_1414,0.5986304157528414
2019_1235_1416,0.6631353403238397
2019_1235_1429,0.36714139790343703
2019_1235_1433,0.6727961179833807
2019_1235_1436,0.6101350085123547
2019_1235_1437,0.6097426851983578
2019_1235_1438,0.33631507596658944
2019_1235_1439,0.46550241337821513
2019_1235_1449,0.8320919760145928
2019_1235_1458,0.7628069889405025
2019_1235_1459,0.2553199549335855
2019_1235_1463,0.4707441296704366
2019_1242_1243,0.7141202259368427
2019_1242_1246,0.21277563789363318
2019_1242_1251,0.37752317337507774
2019_1242_1257,0.4655254727880032
2019_1242_1261,0.22462627517230488
2019_1242_1266,0.34867803762609545
2019_1242_1268,0.5635804434891883
2019_1242_1276,0.38615662903466047
2019_1242_1277,0.11208850056087816
2019_1242_1278,0.7353227581323492
2019_1242_1279,0.4650925965931456
2019_1242_1280,0.3641386793402904
2019_1242_1285,0.36656861555078357
2019_1242_1293,0.15
2019_1242_1295,0.7461233462282126
2019_1242_1297,0.3427876202151744
2019_1242_1300,0.8784911183695854
2019_1242_1305,0.10377594419854669
2019_1242_1308,0.193494273118772
2019_1242_1314,0.15
2019_1242_1318,0.4241477514721401
2019_1242_1326,0.7289375053961032
2019_1242_1328,0.6960277713904126
2019_1242_1330,0.7317421361820237
2019_1242_1332,0.5426064135352244
2019_1242_1341,0.5908216884014664
2019_1242_1345,0.299638253482139
2019_1242_1371,0.6125015747997693
2019_1242_1385,0.5009587594448631
2019_1242_1387,0.7728538977352897
2019_1242_1388,0.39399677713250425
2019_1242_1393,0.6790818218858754
2019_1242_1396,0.547146708197087
2019_1242_1397,0.15
2019_1242_1403,0.2812905650603547
2019_1242_1414,0.4046855123175843
2019_1242_1416,0.4691904368885827
2019_1242_1429,0.17319649446818003
2019_1242_1433,0.47885121454812374
2019_1242_1436,0.4161901050770977
2019_1242_1437,0.41579778176310084
2019_1242_1438,0.14237017253133244
2019_1242_1439,0.27155750994295813
2019_1242_1449,0.6381470725793358
2019_1242_1458,0.5688620855052455
2019_1242_1459,0.15
2019_1242_1463,0.2767992262351796
2019_1243_1246,0.15
2019_1243_1251,0.15716601927799045
2019_1243_1257,0.24516831869091588
2019_1243_1261,0.15
2019_1243_1266,0.1283208835290081
2019_1243_1268,0.343223289392101
2019_1243_1276,0.1657994749375732
2019_1243_1277,0.15
2019_1243_1278,0.5149656040352619
2019_1243_1279,0.24473544249605833
2019_1243_1280,0.14378152524320315
2019_1243_1285,0.1462114614536963
2019_1243_1293,0.15
2019_1243_1295,0.5257661921311253
2019_1243_1297,0.12243046611808711
2019_1243_1300,0.658133964272498
2019_1243_1305,0.15
2019_1243_1308,0.15
2019_1243_1314,0.15
2019_1243_1318,0.20379059737505278
2019_1243_1326,0.5085803512990159
2019_1243_1328,0.4756706172933253
2019_1243_1330,0.5113849820849364
2019_1243_1332,0.32224925943813704
2019_1243_1341,0.3704645343043791
2019_1243_1345,0.15
2019_1243_1371,0.39214442070268196
2019_1243_1385,0.2806016053477758
2019_1243_1387,0.5524967436382023
2019_1243_1388,0.17363962303541697
2019_1243_1393,0.4587246677887881
2019_1243_1396,0.32678955409999966
2019_1243_1397,0.15
2019_1243_1403,0.15
2019_1243_1414,0.18432835822049704
2019_1243_1416,0.24883328279149536
2019_1243_1429,0.15
2019_1243_1433,0.2584940604510364
2019_1243_1436,0.19583295098001036
2019_1243_1437,0.19544062766601356
2019_1243_1438,0.15
2019_1243_1439,0.15
2019_1243_1449,0.41778991848224845
2019_1243_1458,0.3485049314081582
2019_1243_1459,0.15
2019_1243_1463,0.15
2019_1246_1251,0.6585106073211999
2019_1246_1257,0.7465129067341253
2019_1246_1261,0.5056137091184271
2019_1246_1266,0.6296654715722176
2019_1246_1268,0.8445678774353105
2019_1246_1276,0.6671440629807827
2019_1246_1277,0.3930759345070003
2019_1246_1278,0.85
2019_1246_1279,0.7460800305392679
2019_1246_1280,0.6451261132864126
2019_1246_1285,0.6475560494969057
2019_1246_1293,0.3646867826090249
2019_1246_1295,0.85
2019_1246_1297,0.6237750541612965
2019_1246_1300,0.85
2019_1246_1305,0.3847633781446688
2019_1246_1308,0.4744817070648941
2019_1246_1314,0.31353029841736213
2019_1246_1318,0.7051351854182623
2019_1246_1326,0.85
2019_1246_1328,0.85
2019_1246_1330,0.85
2019_1246_1332,0.8235938474813466
2019_1246_1341,0.8718091223475886
2019_1246_1345,0.5806256874282612
2019_1246_1371,0.8934890087458915
2019_1246_1385,0.7819461933909853
2019_1246_1387,0.85
2019_1246_1388,0.6749842110786264
2019_1246_1393,0.85
2019_1246_1396,0.8281341421432091
2019_1246_1397,0.3734669554253396
2019_1246_1403,0.5622779990064768
2019_1246_1414,0.6856729462637065
2019_1246_1416,0.7501778708347049
2019_1246_1429,0.4541839284143022
2019_1246_1433,0.7598386484942459
2019_1246_1436,0.6971775390232198
2019_1246_1437,0.696785215709223
2019_1246_1438,0.4233576064774546
2019_1246_1439,0.5525449438890803
2019_1246_1449,0.85
2019_1246_1458,0.8498495194513677
2019_1246_1459,0.3423624854444507
2019_1246_1463,0.5577866601813017
2019_1251_1257,0.5817653712526808
2019_1251_1261,0.34086617363698246
2019_1251_1266,0.46491793609077303
2019_1251_1268,0.679820341953866
2019_1251_1276,0.502396527499338
2019_1251_1277,0.22832839902555568
2019_1251_1278,0.8515626565970268
2019_1251_1279,0.5813324950578233
2019_1251_1280,0.480378577804968
2019_1251_1285,0.4828085140154612
2019_1251_1293,0.19993924712758027
2019_1251_1295,0.8623632446928902
2019_1251_1297,0.45902751867985203
2019_1251_1300,0.85
2019_1251_1305,0.22001584266322427
2019_1251_1308,0.3097341715834495
2019_1251_1314,0.14878276293591747
2019_1251_1318,0.5403876499368178
2019_1251_1326,0.8451774038607809
2019_1251_1328,0.8122676698550901
2019_1251_1330,0.8479820346467013
2019_1251_1332,0.658846311999902
2019_1251_1341,0.707061586866144
2019_1251_1345,0.4158781519468166
2019_1251_1371,0.7287414732644469
2019_1251_1385,0.6171986579095406
2019_1251_1387,0.8890937961999672
2019_1251_1388,0.5102366755971819
2019_1251_1393,0.7953217203505529
2019_1251_1396,0.6633866066617645
2019_1251_1397,0.2087194199438951
2019_1251_1403,0.3975304635250323
2019_1251_1414,0.5209254107822618
2019_1251_1416,0.5854303353532603
2019_1251_1429,0.2894363929328576
2019_1251_1433,0.5950911130128013
2019_1251_1436,0.5324300035417753
2019_1251_1437,0.5320376802277784
2019_1251_1438,0.25861007099601
2019_1251_1439,0.3877974084076357
2019_1251_1449,0.7543869710440134
2019_1251_1458,0.6851019839699232
2019_1251_1459,0.17761494996300614
2019_1251_1463,0.3930391246998572
2019_1257_1261,0.25286387422405704
2019_1257_1266,0.37691563667784755
2019_1257_1268,0.5918180425409405
2019_1257_1276,0.41439422808641263
2019_1257_1277,0.1403260996126302
2019_1257_1278,0.7635603571841013
2019_1257_1279,0.4933301956448978
2019_1257_1280,0.3923762783920426
2019_1257_1285,0.39480621460253573
2019_1257_1293,0.11193694771465484
2019_1257_1295,0.7743609452799647
2019_1257_1297,0.37102521926692655
2019_1257_1300,0.85
2019_1257_1305,0.1320135432502988
2019_1257_1308,0.2217318721705241
2019_1257_1314,0.15
2019_1257_1318,0.4523853505238923
2019_1257_1326,0.7571751044478554
2019_1257_1328,0.7242653704421648
2019_1257_1330,0.7599797352337758
2019_1257_1332,0.5708440125869765
2019_1257_1341,0.6190592874532186
2019_1257_1345,0.3278758525338911
2019_1257_1371,0.6407391738515215
2019_1257_1385,0.5291963584966152
2019_1257_1387,0.8010914967870417
2019_1257_1388,0.4222343761842564
2019_1257_1393,0.7073194209376276
2019_1257_1396,0.5753843072488392
2019_1257_1397,0.12071712053096956
2019_1257_1403,0.3095281641121068
2019_1257_1414,0.4329231113693364
2019_1257_1416,0.4974280359403348
2019_1257_1429,0.2014340935199322
2019_1257_1433,0.5070888135998758
2019_1257_1436,0.4444277041288498
2019_1257_1437,0.44403538081485294
2019_1257_1438,0.17060777158308454
2019_1257_1439,0.29979510899471024
2019_1257_1449,0.6663846716310878
2019_1257_1458,0.5970996845569977
2019_1257_1459,0.15
2019_1257_1463,0.30503682528693177
2019_1261_1266,0.6178148342935459
2019_1261_1268,0.8327172401566388
2019_1261_1276,0.655293425702111
2019_1261_1277,0.38122529722832854
2019_1261_1278,0.85
2019_1261_1279,0.7342293932605961
2019_1261_1280,0.6332754760077408
2019_1261_1285,0.6357054122182341
2019_1261_1293,0.3528361453303531
2019_1261_1295,0.85
2019_1261_1297,0.6119244168826249
2019_1261_1300,0.85
2019_1261_1305,0.372912740865997
2019_1261_1308,0.46263106978622237
2019_1261_1314,0.3016796611386904
2019_1261_1318,0.6932845481395906
2019_1261_1326,0.85
2019_1261_1328,0.85
2019_1261_1330,0.85
2019_1261_1332,0.8117432102026749
2019_1261_1341,0.8599584850689169
2019_1261_1345,0.5687750501495894
2019_1261_1371,0.8816383714672198
2019_1261_1385,0.7700955561123135
2019_1261_1387,0.85
2019_1261_1388,0.6631335737999547
2019_1261_1393,0.85
2019_1261_1396,0.8162835048645374
2019_1261_1397,0.3616163181466679
2019_1261_1403,0.5504273617278052
2019_1261_1414,0.6738223089850348
2019_1261_1416,0.7383272335560331
2019_1261_1429,0.4423332911356305
2019_1261_1433,0.7479880112155741
2019_1261_1436,0.6853269017445481
2019_1261_1437,0.6849345784305513
2019_1261_1438,0.4115069691987829
2019_1261_1439,0.5406943066104085
2019_1261_1449,0.85
2019_1261_1458,0.8379988821726959
2019_1261_1459,0.33051184816577894
2019_1261_1463,0.5459360229026301
2019_1266_1268,0.7086654777028483
2019_1266_1276,0.5312416632483205
2019_1266_1277,0.25717353477453797
2019_1266_1278,0.8804077923460091
2019_1266_1279,0.6101776308068055
2019_1266_1280,0.5092237135539504
2019_1266_1285,0.5116536497644435
2019_1266_1293,0.22878438287656255
2019_1266_1295,0.8912083804418724
2019_1266_1297,0.4878726544288343
2019_1266_1300,0.85
2019_1266_1305,0.24886097841220656
2019_1266_1308,0.3385793073324318
2019_1266_1314,0.1776278986848998
2019_1266_1318,0.5692327856858
2019_1266_1326,0.8740225396097632
2019_1266_1328,0.8411128056040726
2019_1266_1330,0.8768271703956836
2019_1266_1332,0.6876914477488842
2019_1266_1341,0.7359067226151264
2019_1266_1345,0.4447232876957989
2019_1266_1371,0.7575866090134291
2019_1266_1385,0.6460437936585229
2019_1266_1387,0.85
2019_1266_1388,0.5390818113461642
2019_1266_1393,0.8241668560995352
2019_1266_1396,0.6922317424107469
2019_1266_1397,0.23756455569287732
2019_1266_1403,0.4263755992740146
2019_1266_1414,0.5497705465312441
2019_1266_1416,0.6142754711022426
2019_1266_1429,0.31828152868183995
2019_1266_1433,0.6239362487617836
2019_1266_1436,0.5612751392907576
2019_1266_1437,0.5608828159767607
2019_1266_1438,0.2874552067449923
2019_1266_1439,0.416642544156618
2019_1266_1449,0.7832321067929957
2019_1266_1458,0.7139471197189055
2019_1266_1459,0.20646008571198843
2019_1266_1463,0.4218842604488395
2019_1268_1276,0.3163392573852275
2019_1268_1277,0.15
2019_1268_1278,0.6655053864829161
2019_1268_1279,0.3952752249437126
2019_1268_1280,0.2943213076908574
2019_1268_1285,0.29675124390135055
2019_1268_1293,0.15
2019_1268_1295,0.6763059745787796
2019_1268_1297,0.2729702485657414
2019_1268_1300,0.8086737467201524
2019_1268_1305,0.15
2019_1268_1308,0.12367690146933896
2019_1268_1314,0.15
2019_1268_1318,0.3543303798227071
2019_1268_1326,0.6591201337466702
2019_1268_1328,0.6262103997409796
2019_1268_1330,0.6619247645325907
2019_1268_1332,0.47278904188579135
2019_1268_1341,0.5210043167520334
2019_1268_1345,0.22982088183270605
2019_1268_1371,0.5426842031503363
2019_1268_1385,0.4311413877954301
2019_1268_1387,0.7030365260858567
2019_1268_1388,0.3241794054830712
2019_1268_1393,0.6092644502364424
2019_1268_1396,0.47732933654765397
2019_1268_1397,0.15
2019_1268_1403,0.2114731934109217
2019_1268_1414,0.3348681406681513
2019_1268_1416,0.3993730652391496
2019_1268_1429,0.10337912281874712
2019_1268_1433,0.40903384289869066
2019_1268_1436,0.3463727334276646
2019_1268_1437,0.34598041011366776
2019_1268_1438,0.15
2019_1268_1439,0.2017401382935251
2019_1268_1449,0.5683297009299028
2019_1268_1458,0.4990447138558125
2019_1268_1459,0.15
2019_1268_1463,0.20698185458574658
2019_1276_1277,0.2196949433659729
2019_1276_1278,0.8429292009374441
2019_1276_1279,0.5726990393982404
2019_1276_1280,0.4717451221453853
2019_1276_1285,0.4741750583558784
2019_1276_1293,0.19130579146799748
2019_1276_1295,0.8537297890333075
2019_1276_1297,0.4503940630202693
2019_1276_1300,0.85
2019_1276_1305,0.21138238700364148
2019_1276_1308,0.3011007159238668
2019_1276_1314,0.14014930727633473
2019_1276_1318,0.5317541942772349
2019_1276_1326,0.836543948201198
2019_1276_1328,0.8036342141955075
2019_1276_1330,0.8393485789871185
2019_1276_1332,0.6502128563403192
2019_1276_1341,0.6984281312065613
2019_1276_1345,0.4072446962872338
2019_1276_1371,0.7201080176048641
2019_1276_1385,0.6085652022499579
2019_1276_1387,0.8804603405403846
2019_1276_1388,0.5016032199375992
2019_1276_1393,0.7866882646909703
2019_1276_1396,0.6547531510021818
2019_1276_1397,0.20008596428431225
2019_1276_1403,0.3888970078654495
2019_1276_1414,0.5122919551226791
2019_1276_1416,0.5767968796936775
2019_1276_1429,0.2808029372732749
2019_1276_1433,0.5864576573532185
2019_1276_1436,0.5237965478821925
2019_1276_1437,0.5234042245681957
2019_1276_1438,0.2499766153364273
2019_1276_1439,0.3791639527480529
2019_1276_1449,0.7457535153844306
2019_1276_1458,0.6764685283103403
2019_1276_1459,0.1689814943034234
2019_1276_1463,0.38440566904027446
2019_1277_1278,0.85
2019_1277_1279,0.8467671678720229
2019_1277_1280,0.7458132506191677
2019_1277_1285,0.7482431868296608
2019_1277_1293,0.4653739199417799
2019_1277_1295,0.85
2019_1277_1297,0.7244621914940517
2019_1277_1300,0.85
2019_1277_1305,0.48545051547742385
2019_1277_1308,0.5751688443976491
2019_1277_1314,0.41421743575011716
2019_1277_1318,0.8058223227510173
2019_1277_1326,0.85
2019_1277_1328,0.85
2019_1277_1330,0.85
2019_1277_1332,0.85
2019_1277_1341,0.85
2019_1277_1345,0.6813128247610162
2019_1277_1371,0.85
2019_1277_1385,0.8826333307237404
2019_1277_1387,0.85
2019_1277_1388,0.7756713484113815
2019_1277_1393,0.85
2019_1277_1396,0.85
2019_1277_1397,0.47415409275809467
2019_1277_1403,0.6629651363392319
2019_1277_1414,0.7863600835964615
2019_1277_1416,0.85086500816746
2019_1277_1429,0.5548710657470572
2019_1277_1433,0.860525785827001
2019_1277_1436,0.7978646763559749
2019_1277_1437,0.797472353041978
2019_1277_1438,0.5240447438102097
2019_1277_1439,0.6532320812218353
2019_1277_1449,0.85
2019_1277_1458,0.85
2019_1277_1459,0.4430496227772057
2019_1277_1463,0.6584737975140569
2019_1278_1279,0.22353291030055178
2019_1278_1280,0.1225789930476966
2019_1278_1285,0.1250089292581898
2019_1278_1293,0.15
2019_1278_1295,0.5045636599356188
2019_1278_1297,0.10122793392258056
2019_1278_1300,0.6369314320769915
2019_1278_1305,0.15
2019_1278_1308,0.15
2019_1278_1314,0.15
2019_1278_1318,0.1825880651795463
2019_1278_1326,0.48737781910350936
2019_1278_1328,0.4544680850978188
2019_1278_1330,0.4901824498894299
2019_1278_1332,0.30104672724263054
2019_1278_1341,0.3492620021088726
2019_1278_1345,0.15
2019_1278_1371,0.37094188850717547
2019_1278_1385,0.2593990731522692
2019_1278_1387,0.5312942114426958
2019_1278_1388,0.15243709083991042
2019_1278_1393,0.43752213559328157
2019_1278_1396,0.30558702190449316
2019_1278_1397,0.15
2019_1278_1403,0.15
2019_1278_1414,0.16312582602499043
2019_1278_1416,0.22763075059598875
2019_1278_1429,0.15
2019_1278_1433,0.23729152825552985
2019_1278_1436,0.1746304187845038
2019_1278_1437,0.17423809547050695
2019_1278_1438,0.15
2019_1278_1439,0.15
2019_1278_1449,0.39658738628674184
2019_1278_1458,0.3273023992126517
2019_1278_1459,0.15
2019_1278_1463,0.15
2019_1279_1280,0.3928091545869002
2019_1279_1285,0.3952390907973933
2019_1279_1293,0.11236982390951239
2019_1279_1295,0.7747938214748222
2019_1279_1297,0.37145809546178415
2019_1279_1300,0.85
2019_1279_1305,0.13244641944515634
2019_1279_1308,0.2221647483653817
2019_1279_1314,0.15
2019_1279_1318,0.45281822671874983
2019_1279_1326,0.757607980642713
2019_1279_1328,0.7246982466370224
2019_1279_1330,0.7604126114286334
2019_1279_1332,0.5712768887818341
2019_1279_1341,0.6194921636480761
2019_1279_1345,0.3283087287287487
2019_1279_1371,0.6411720500463791
2019_1279_1385,0.5296292346914728
2019_1279_1387,0.8015243729818994
2019_1279_1388,0.422667252379114
2019_1279_1393,0.7077522971324852
2019_1279_1396,0.5758171834436967
2019_1279_1397,0.12114999672582716
2019_1279_1403,0.30996104030696436
2019_1279_1414,0.433355987564194
2019_1279_1416,0.4978609121351924
2019_1279_1429,0.20186696971478973
2019_1279_1433,0.5075216897947334
2019_1279_1436,0.44486058032370734
2019_1279_1437,0.44446825700971054
2019_1279_1438,0.17104064777794215
2019_1279_1439,0.30022798518956784
2019_1279_1449,0.6668175478259455
2019_1279_1458,0.5975325607518552
2019_1279_1459,0.15
2019_1279_1463,0.3054697014817893
2019_1280_1285,0.4961930080502485
2019_1280_1293,0.21332374116236757
2019_1280_1295,0.8757477387276775
2019_1280_1297,0.47241201271463934
2019_1280_1300,0.85
2019_1280_1305,0.23340033669801158
2019_1280_1308,0.3231186656182369
2019_1280_1314,0.1621672569707049
2019_1280_1318,0.553772143971605
2019_1280_1326,0.8585618978955681
2019_1280_1328,0.8256521638898775
2019_1280_1330,0.8613665286814887
2019_1280_1332,0.6722308060346893
2019_1280_1341,0.7204460809009313
2019_1280_1345,0.4292626459816039
2019_1280_1371,0.7421259672992342
2019_1280_1385,0.630583151944328
2019_1280_1387,0.85
2019_1280_1388,0.5236211696319691
2019_1280_1393,0.8087062143853403
2019_1280_1396,0.6767711006965519
2019_1280_1397,0.2221039139786824
2019_1280_1403,0.4109149575598196
2019_1280_1414,0.5343099048170492
2019_1280_1416,0.5988148293880475
2019_1280_1429,0.302820886967645
2019_1280_1433,0.6084756070475886
2019_1280_1436,0.5458144975765625
2019_1280_1437,0.5454221742625657
2019_1280_1438,0.2719945650307973
2019_1280_1439,0.401181902442423
2019_1280_1449,0.7677714650788007
2019_1280_1458,0.6984864780047104
2019_1280_1459,0.1909994439977934
2019_1280_1463,0.4064236187346445
2019_1285_1293,0.2108938049518745
2019_1285_1295,0.8733178025171844
2019_1285_1297,0.4699820765041462
2019_1285_1300,0.85
2019_1285_1305,0.23097040048751843
2019_1285_1308,0.3206887294077437
2019_1285_1314,0.15973732076021174
2019_1285_1318,0.5513422077611119
2019_1285_1326,0.8561319616850749
2019_1285_1328,0.8232222276793844
2019_1285_1330,0.8589365924709955
2019_1285_1332,0.6698008698241962
2019_1285_1341,0.7180161446904382
2019_1285_1345,0.42683270977111076
2019_1285_1371,0.739696031088741
2019_1285_1385,0.6281532157338348
2019_1285_1387,0.85
2019_1285_1388,0.521191233421476
2019_1285_1393,0.8062762781748471
2019_1285_1396,0.6743411644860587
2019_1285_1397,0.2196739777681892
2019_1285_1403,0.4084850213493264
2019_1285_1414,0.5318799686065561
2019_1285_1416,0.5963848931775544
2019_1285_1429,0.30039095075715183
2019_1285_1433,0.6060456708370955
2019_1285_1436,0.5433845613660694
2019_1285_1437,0.5429922380520725
2019_1285_1438,0.2695646288203042
2019_1285_1439,0.3987519662319299
2019_1285_1449,0.7653415288683075
2019_1285_1458,0.6960565417942173
2019_1285_1459,0.1885695077873003
2019_1285_1463,0.40399368252415135
2019_1293_1295,0.85
2019_1293_1297,0.7528513433920271
2019_1293_1300,0.85
2019_1293_1305,0.5138396673753993
2019_1293_1308,0.6035579962956246
2019_1293_1314,0.44260658764809263
2019_1293_1318,0.8342114746489928
2019_1293_1326,0.85
2019_1293_1328,0.85
2019_1293_1330,0.85
2019_1293_1332,0.85
2019_1293_1341,0.85
2019_1293_1345,0.7097019766589916
2019_1293_1371,0.85
2019_1293_1385,0.85
2019_1293_1387,0.85
2019_1293_1388,0.8040605003093568
2019_1293_1393,0.85
2019_1293_1396,0.85
2019_1293_1397,0.5025432446560701
2019_1293_1403,0.6913542882372073
2019_1293_1414,0.814749235494437
2019_1293_1416,0.8792541600654353
2019_1293_1429,0.5832602176450328
2019_1293_1433,0.8889149377249763
2019_1293_1436,0.8262538282539504
2019_1293_1437,0.8258615049399534
2019_1293_1438,0.5524338957081851
2019_1293_1439,0.6816212331198108
2019_1293_1449,0.85
2019_1293_1458,0.85
2019_1293_1459,0.4714387746751812
2019_1293_1463,0.6868629494120323
2019_1295_1297,0.15
2019_1295_1300,0.6261308439811282
2019_1295_1305,0.15
2019_1295_1308,0.15
2019_1295_1314,0.15
2019_1295_1318,0.17178747708368286
2019_1295_1326,0.476577231007646
2019_1295_1328,0.44366749700195535
2019_1295_1330,0.47938186179356645
2019_1295_1332,0.2902461391467671
2019_1295_1341,0.3384614140130092
2019_1295_1345,0.15
2019_1295_1371,0.36014130041131204
2019_1295_1385,0.24859848505640586
2019_1295_1387,0.5204936233468325
2019_1295_1388,0.141636502744047
2019_1295_1393,0.42672154749741814
2019_1295_1396,0.2947864338086297
2019_1295_1397,0.15
2019_1295_1403,0.15
2019_1295_1414,0.1523252379291271
2019_1295_1416,0.21683016250012538
2019_1295_1429,0.15
2019_1295_1433,0.22649094015966642
2019_1295_1436,0.1638298306886405
2019_1295_1437,0.16343750737464358
2019_1295_1438,0.15
2019_1295_1439,0.15
2019_1295_1449,0.38578679819087847
2019_1295_1458,0.3165018111167883
2019_1295_1459,0.15
2019_1295_1463,0.15
2019_1297_1300,0.85
2019_1297_1305,0.25475139582312756
2019_1297_1308,0.3444697247433529
2019_1297_1314,0.18351831609582092
2019_1297_1318,0.575123203096721
2019_1297_1326,0.8799129570206842
2019_1297_1328,0.8470032230149935
2019_1297_1330,0.8827175878066047
2019_1297_1332,0.6935818651598054
2019_1297_1341,0.7417971400260474
2019_1297_1345,0.45061370510671994
2019_1297_1371,0.7634770264243502
2019_1297_1385,0.6519342110694439
2019_1297_1387,0.85
2019_1297_1388,0.5449722287570852
2019_1297_1393,0.8300572735104563
2019_1297_1396,0.6981221598216679
2019_1297_1397,0.24345497310379838
2019_1297_1403,0.4322660166849356
2019_1297_1414,0.5556609639421652
2019_1297_1416,0.6201658885131636
2019_1297_1429,0.324171946092761
2019_1297_1433,0.6298266661727047
2019_1297_1436,0.5671655567016786
2019_1297_1437,0.5667732333876817
2019_1297_1438,0.29334562415591336
2019_1297_1439,0.42253296156753906
2019_1297_1449,0.7891225242039166
2019_1297_1458,0.7198375371298265
2019_1297_1459,0.21235050312290937
2019_1297_1463,0.42777467785976053
2019_1300_1305,0.15
2019_1300_1308,0.15
2019_1300_1314,0.15
2019_1300_1318,0.15
2019_1300_1326,0.3442094588662732
2019_1300_1328,0.3112997248605826
2019_1300_1330,0.3470140896521937
2019_1300_1332,0.15787836700539437
2019_1300_1341,0.20609364187163642
2019_1300_1345,0.15
2019_1300_1371,0.2277735282699393
2019_1300_1385,0.11623071291503306
2019_1300_1387,0.38812585120545967
2019_1300_1388,0.15
2019_1300_1393,0.2943537753560454
2019_1300_1396,0.16241866166725694
2019_1300_1397,0.15
2019_1300_1403,0.15
2019_1300_1414,0.15
2019_1300_1416,0.15
2019_1300_1429,0.15
2019_1300_1433,0.15
2019_1300_1436,0.15
2019_1300_1437,0.15
2019_1300_1438,0.15
2019_1300_1439,0.15
2019_1300_1449,0.2534190260495057
2019_1300_1458,0.18413403897541553
2019_1300_1459,0.15
2019_1300_1463,0.15
2019_1305_1308,0.5834814007599807
2019_1305_1314,0.4225299921124486
2019_1305_1318,0.8141348791133488
2019_1305_1326,0.85
2019_1305_1328,0.85
2019_1305_1330,0.85
2019_1305_1332,0.85
2019_1305_1341,0.85
2019_1305_1345,0.6896253811233477
2019_1305_1371,0.85
2019_1305_1385,0.8909458870860717
2019_1305_1387,0.85
2019_1305_1388,0.7839839047737129
2019_1305_1393,0.85
2019_1305_1396,0.85
2019_1305_1397,0.48246664912042614
2019_1305_1403,0.6712776927015633
2019_1305_1414,0.7946726399587931
2019_1305_1416,0.8591775645297913
2019_1305_1429,0.5631836221093888
2019_1305_1433,0.8688383421893324
2019_1305_1436,0.8061772327183063
2019_1305_1437,0.8057849094043095
2019_1305_1438,0.5323573001725411
2019_1305_1439,0.6615446375841668
2019_1305_1449,0.85
2019_1305_1458,0.85
2019_1305_1459,0.45136217913953725
2019_1305_1463,0.6667863538763883
2019_1308_1314,0.33281166319222333
2019_1308_1318,0.7244165501931235
2019_1308_1326,0.85
2019_1308_1328,0.85
2019_1308_1330,0.85
2019_1308_1332,0.8428752122562078
2019_1308_1341,0.8910904871224499
2019_1308_1345,0.5999070522031223
2019_1308_1371,0.85
2019_1308_1385,0.8012275581658466
2019_1308_1387,0.85
2019_1308_1388,0.6942655758534877
2019_1308_1393,0.85
2019_1308_1396,0.8474155069180704
2019_1308_1397,0.39274832020020084
2019_1308_1403,0.5815593637813381
2019_1308_1414,0.7049543110385676
2019_1308_1416,0.769459235609566
2019_1308_1429,0.47346529318916347
2019_1308_1433,0.7791200132691071
2019_1308_1436,0.7164589037980811
2019_1308_1437,0.7160665804840842
2019_1308_1438,0.4426389712523158
2019_1308_1439,0.5718263086639415
2019_1308_1449,0.85
2019_1308_1458,0.8691308842262289
2019_1308_1459,0.3616438502193119
2019_1308_1463,0.577068024956163
2019_1314_1318,0.8853679588406556
2019_1314_1326,0.85
2019_1314_1328,0.85
2019_1314_1330,0.85
2019_1314_1332,0.85
2019_1314_1341,0.85
2019_1314_1345,0.7608584608506543
2019_1314_1371,0.85
2019_1314_1385,0.85
2019_1314_1387,0.85
2019_1314_1388,0.8552169845010197
2019_1314_1393,0.85
2019_1314_1396,0.85
2019_1314_1397,0.5536997288477329
2019_1314_1403,0.7425107724288701
2019_1314_1414,0.8659057196860998
2019_1314_1416,0.85
2019_1314_1429,0.6344167018366954
2019_1314_1433,0.85
2019_1314_1436,0.8774103124456131
2019_1314_1437,0.8770179891316162
2019_1314_1438,0.6035903798998478
2019_1314_1439,0.7327777173114735
2019_1314_1449,0.85
2019_1314_1458,0.85
2019_1314_1459,0.5225952588668439
2019_1314_1463,0.7380194336036949
2019_1318_1326,0.7985528257637184
2019_1318_1328,0.7656430917580279
2019_1318_1330,0.8013574565496389
2019_1318_1332,0.6122217339028396
2019_1318_1341,0.6604370087690816
2019_1318_1345,0.3692535738497542
2019_1318_1371,0.6821168951673846
2019_1318_1385,0.5705740798124783
2019_1318_1387,0.8424692181029049
2019_1318_1388,0.4636120975001195
2019_1318_1393,0.7486971422534906
2019_1318_1396,0.6167620285647022
2019_1318_1397,0.1620948418468327
2019_1318_1403,0.35090588542796985
2019_1318_1414,0.4743008326851995
2019_1318_1416,0.5388057572561978
2019_1318_1429,0.24281181483579528
2019_1318_1433,0.5484665349157389
2019_1318_1436,0.4858054254447129
2019_1318_1437,0.48541310213071603
2019_1318_1438,0.2119854928989477
2019_1318_1439,0.3411728303105733
2019_1318_1449,0.707762392946951
2019_1318_1458,0.6384774058728607
2019_1318_1459,0.1309903718659437
2019_1318_1463,0.3464145466027948
2019_1326_1328,0.46085333783406474
2019_1326_1330,0.49656770262567584
2019_1326_1332,0.3074319799788765
2019_1326_1341,0.3556472548451185
2019_1326_1345,0.15
2019_1326_1371,0.3773271412434214
2019_1326_1385,0.2657843258885152
2019_1326_1387,0.5376794641789417
2019_1326_1388,0.15882234357615632
2019_1326_1393,0.44390738832952753
2019_1326_1396,0.31197227464073907
2019_1326_1397,0.15
2019_1326_1403,0.15
2019_1326_1414,0.16951107876123644
2019_1326_1416,0.23401600333223477
2019_1326_1429,0.15
2019_1326_1433,0.24367678099177587
2019_1326_1436,0.18101567152074977
2019_1326_1437,0.18062334820675296
2019_1326_1438,0.15
2019_1326_1439,0.15
2019_1326_1449,0.40297263902298786
2019_1326_1458,0.33368765194889766
2019_1326_1459,0.15
2019_1326_1463,0.15
2019_1328_1330,0.5294774366313664
2019_1328_1332,0.34034171398456703
2019_1328_1341,0.38855698885080914
2019_1328_1345,0.15
2019_1328_1371,0.41023687524911207
2019_1328_1385,0.2986940598942058
2019_1328_1387,0.5705891981846324
2019_1328_1388,0.19173207758184696
2019_1328_1393,0.4768171223352181
2019_1328_1396,0.3448820086464297
2019_1328_1397,0.15
2019_1328_1403,0.15
2019_1328_1414,0.20242081276692697
2019_1328_1416,0.26692573733792535
2019_1328_1429,0.15
2019_1328_1433,0.2765865149974664
2019_1328_1436,0.2139254055264404
2019_1328_1437,0.2135330822124435
2019_1328_1438,0.15
2019_1328_1439,0.15
2019_1328_1449,0.4358823730286785
2019_1328_1458,0.36659738595458824
2019_1328_1459,0.15
2019_1328_1463,0.15
2019_1330_1332,0.30462734919295603
2019_1330_1341,0.3528426240591981
2019_1330_1345,0.15
2019_1330_1371,0.37452251045750096
2019_1330_1385,0.26297969510259467
2019_1330_1387,0.5348748333930213
2019_1330_1388,0.1560177127902359
2019_1330_1393,0.44110275754360706
2019_1330_1396,0.30916764385481865
2019_1330_1397,0.15
2019_1330_1403,0.15
2019_1330_1414,0.16670644797531592
2019_1330_1416,0.23121137254631435
2019_1330_1429,0.15
2019_1330_1433,0.24087215020585528
2019_1330_1436,0.17821104073482924
2019_1330_1437,0.17781871742083244
2019_1330_1438,0.15
2019_1330_1439,0.15
2019_1330_1449,0.4001680082370674
2019_1330_1458,0.3308830211629772
2019_1330_1459,0.15
2019_1330_1463,0.15
2019_1332_1341,0.5419783467059974
2019_1332_1345,0.2507949117866699
2019_1332_1371,0.5636582331043003
2019_1332_1385,0.45211541774939407
2019_1332_1387,0.7240105560398207
2019_1332_1388,0.34515343543703525
2019_1332_1393,0.6302384801904064
2019_1332_1396,0.498303366501618
2019_1332_1397,0.15
2019_1332_1403,0.23244722336488566
2019_1332_1414,0.35584217062211526
2019_1332_1416,0.42034709519311364
2019_1332_1429,0.12435315277271097
2019_1332_1433,0.4300078728526547
2019_1332_1436,0.36734676338162864
2019_1332_1437,0.3669544400676318
2019_1332_1438,0.15
2019_1332_1439,0.22271416824748907
2019_1332_1449,0.5893037308838667
2019_1332_1458,0.5200187438097765
2019_1332_1459,0.15
2019_1332_1463,0.22795588453971055
2019_1341_1345,0.20257963692042785
2019_1341_1371,0.5154429582380582
2019_1341_1385,0.403900142883152
2019_1341_1387,0.6757952811735786
2019_1341_1388,0.29693816057079314
2019_1341_1393,0.5820232053241643
2019_1341_1396,0.4500880916353759
2019_1341_1397,0.15
2019_1341_1403,0.1842319484986436
2019_1341_1414,0.3076268957558732
2019_1341_1416,0.37213182032687153
2019_1341_1429,0.15
2019_1341_1433,0.3817925979864126
2019_1341_1436,0.31913148851538664
2019_1341_1437,0.3187391652013897
2019_1341_1438,0.15
2019_1341_1439,0.17449889338124702
2019_1341_1449,0.5410884560176247
2019_1341_1458,0.4718034689435344
2019_1341_1459,0.15
2019_1341_1463,0.1797406096734685
2019_1345_1371,0.8066263931573856
2019_1345_1385,0.6950835778024794
2019_1345_1387,0.85
2019_1345_1388,0.5881215954901207
2019_1345_1393,0.8732066402434917
2019_1345_1396,0.7412715265547033
2019_1345_1397,0.2866043398368338
2019_1345_1403,0.47541538341797107
2019_1345_1414,0.5988103306752006
2019_1345_1416,0.663315255246199
2019_1345_1429,0.3673213128257964
2019_1345_1433,0.67297603290574
2019_1345_1436,0.610314923434714
2019_1345_1437,0.6099226001207172
2019_1345_1438,0.3364949908889488
2019_1345_1439,0.46568232830057443
2019_1345_1449,0.8322718909369521
2019_1345_1458,0.7629869038628618
2019_1345_1459,0.25549986985594497
2019_1345_1463,0.47092404459279597
2019_1371_1385,0.3822202564848491
2019_1371_1387,0.6541153947752757
2019_1371_1388,0.27525827417249027
2019_1371_1393,0.5603433189258614
2019_1371_1396,0.428408205237073
2019_1371_1397,0.15
2019_1371_1403,0.16255206210034062
2019_1371_1414,0.28594700935757034
2019_1371_1416,0.35045193392856866
2019_1371_1429,0.15
2019_1371_1433,0.36011271158810976
2019_1371_1436,0.29745160211708366
2019_1371_1437,0.2970592788030868
2019_1371_1438,0.15
2019_1371_1439,0.1528190069829441
2019_1371_1449,0.5194085696193218
2019_1371_1458,0.45012358254523155
2019_1371_1459,0.15
2019_1371_1463,0.15806072327516557
2019_1385_1387,0.7656582101301819
2019_1385_1388,0.38680108952739656
2019_1385_1393,0.6718861342807677
2019_1385_1396,0.5399510205919793
2019_1385_1397,0.15
2019_1385_1403,0.27409487745524697
2019_1385_1414,0.39748982471247657
2019_1385_1416,0.46199474928347495
2019_1385_1429,0.16600080686307234
2019_1385_1433,0.471655526943016
2019_1385_1436,0.40899441747198995
2019_1385_1437,0.4086020941579931
2019_1385_1438,0.1351744849262247
2019_1385_1439,0.2643618223378503
2019_1385_1449,0.630951384974228
2019_1385_1458,0.5616663979001378
2019_1385_1459,0.15
2019_1385_1463,0.26960353863007186
2019_1387_1388,0.1149059512369699
2019_1387_1393,0.3999909959903411
2019_1387_1396,0.26805588230155264
2019_1387_1397,0.15
2019_1387_1403,0.15
2019_1387_1414,0.1255946864220499
2019_1387_1416,0.1900996109930484
2019_1387_1429,0.15
2019_1387_1433,0.19976038865258933
2019_1387_1436,0.13709927918156323
2019_1387_1437,0.13670695586756648
2019_1387_1438,0.15
2019_1387_1439,0.15
2019_1387_1449,0.3590562466838014
2019_1387_1458,0.2897712596097112
2019_1387_1459,0.15
2019_1387_1463,0.15
2019_1388_1393,0.7788481165931265
2019_1388_1396,0.6469130029043381
2019_1388_1397,0.19224581618646847
2019_1388_1403,0.3810568597676058
2019_1388_1414,0.5044518070248354
2019_1388_1416,0.5689567315958337
2019_1388_1429,0.27296278917543115
2019_1388_1433,0.5786175092553748
2019_1388_1436,0.5159563997843487
2019_1388_1437,0.5155640764703519
2019_1388_1438,0.24213646723858345
2019_1388_1439,0.3713238046502092
2019_1388_1449,0.7379133672865869
2019_1388_1458,0.6686283802124966
2019_1388_1459,0.16114134620557957
2019_1388_1463,0.3765655209424307
2019_1393_1396,0.3618279581509669
2019_1393_1397,0.15
2019_1393_1403,0.15
2019_1393_1414,0.21936676227146423
2019_1393_1416,0.2838716868424626
2019_1393_1429,0.15
2019_1393_1433,0.29353246450200365
2019_1393_1436,0.23087135503097755
2019_1393_1437,0.23047903171698075
2019_1393_1438,0.15
2019_1393_1439,0.15
2019_1393_1449,0.4528283225332157
2019_1393_1458,0.38354333545912545
2019_1393_1459,0.15
2019_1393_1463,0.15
2019_1396_1397,0.15
2019_1396_1403,0.2279069287030231
2019_1396_1414,0.35130187596025264
2019_1396_1416,0.41580680053125096
2019_1396_1429,0.11981285811084841
2019_1396_1433,0.42546757819079206
2019_1396_1436,0.36280646871976596
2019_1396_1437,0.3624141454057691
2019_1396_1438,0.15
2019_1396_1439,0.2181738735856265
2019_1396_1449,0.5847634362220041
2019_1396_1458,0.5154784491479139
2019_1396_1459,0.15
2019_1396_1463,0.22341558987784793
2019_1397_1403,0.6825741154208926
2019_1397_1414,0.8059690626781222
2019_1397_1416,0.8704739872491205
2019_1397_1429,0.574480044828718
2019_1397_1433,0.8801347649086615
2019_1397_1436,0.8174736554376356
2019_1397_1437,0.8170813321236388
2019_1397_1438,0.5436537228918703
2019_1397_1439,0.672841060303496
2019_1397_1449,0.85
2019_1397_1458,0.85
2019_1397_1459,0.4626586018588664
2019_1397_1463,0.6780827765957175
2019_1403_1414,0.617158019096985
2019_1403_1416,0.6816629436679833
2019_1403_1429,0.38566900124758074
2019_1403_1433,0.6913237213275244
2019_1403_1436,0.6286626118564983
2019_1403_1437,0.6282702885425014
2019_1403_1438,0.3548426793107331
2019_1403_1439,0.48403001672235874
2019_1403_1449,0.8506195793587364
2019_1403_1458,0.7813345922846462
2019_1403_1459,0.2738475582777291
2019_1403_1463,0.48927173301458027
2019_1414_1416,0.5582679964107538
2019_1414_1429,0.2622740539903511
2019_1414_1433,0.5679287740702947
2019_1414_1436,0.5052676645992688
2019_1414_1437,0.5048753412852719
2019_1414_1438,0.2314477320535035
2019_1414_1439,0.36063506946512913
2019_1414_1449,0.7272246321015068
2019_1414_1458,0.6579396450274166
2019_1414_1459,0.15045261102049956
2019_1414_1463,0.3658767857573506
2019_1416_1429,0.1977691294193527
2019_1416_1433,0.5034238494992964
2019_1416_1436,0.44076274002827037
2019_1416_1437,0.44037041671427346
2019_1416_1438,0.16694280748250512
2019_1416_1439,0.2961301448941308
2019_1416_1449,0.6627197075305085
2019_1416_1458,0.5934347204564182
2019_1416_1459,0.15
2019_1416_1463,0.3013718611863523
2019_1429_1433,0.799417791919699
2019_1429_1436,0.7367566824486729
2019_1429_1437,0.7363643591346761
2019_1429_1438,0.4629367499029077
2019_1429_1439,0.5921240873145334
2019_1429_1449,0.85
2019_1429_1458,0.8894286628768209
2019_1429_1459,0.3819416288699038
2019_1429_1463,0.5973658036067548
2019_1433_1436,0.43110196236872933
2019_1433_1437,0.4307096390547325
2019_1433_1438,0.15728202982296402
2019_1433_1439,0.28646936723458977
2019_1433_1449,0.6530589298709674
2019_1433_1458,0.5837739427968772
2019_1433_1459,0.15
2019_1433_1463,0.29171108352681124
2019_1436_1437,0.4933707485257585
2019_1436_1438,0.21994313929399012
2019_1436_1439,0.3491304767056158
2019_1436_1449,0.7157200393419934
2019_1436_1458,0.6464350522679032
2019_1436_1459,0.13894801826098618
2019_1436_1463,0.3543721929978373
2019_1437_1438,0.22033546260798698
2019_1437_1439,0.34952280001961267
2019_1437_1449,0.7161123626559903
2019_1437_1458,0.6468273755819001
2019_1437_1459,0.13934034157498298
2019_1437_1463,0.35476451631183414
2019_1438_1439,0.622950409251381
2019_1438_1449,0.85
2019_1438_1458,0.85
2019_1438_1459,0.41276795080675144
2019_1438_1463,0.6281921255436025
2019_1439_1449,0.860352634476133
2019_1439_1458,0.7910676474020428
2019_1439_1459,0.28358061339512575
2019_1439_1463,0.49900478813197685
2019_1449_1458,0.4244780847656651
2019_1449_1459,0.15
2019_1449_1463,0.1324152254955992
2019_1458_1459,0.15
2019_1458_1463,0.20170021256968945
2019_1459_1463,0.7091872465766065
